"Path","Size","SHA256"
".doorstop_version","5","75A2F501000D4FE28F74BC7EE66DAE5581959D28B6C44F0C1B0C05CD5BA261E6"
"arialuni_sdf_u2019","30986431","11B47CAE3262648DD9C8B8A29DC25D04309A18790E4130E94FD230791E55C037"
"BepInEx\config\AutoTranslatorConfig.ini","1357","5FFA11377F7565376E0848E76AFC0915C43EC8D5F78CF14F9296E1B8387C1501"
"BepInEx\core\0Harmony.dll","264192","6C898933B52149E8BCF6722305C7E4D94ADD47C9E53B364096F91721624C0877"
"BepInEx\core\AsmResolver.dll","67584","64B50030B34654F12805EC4D2848551E431C5F0BCD65CD70D6FE2845F715FB12"
"BepInEx\core\AsmResolver.DotNet.dll","561664","045BCDF32427F9BD39BEE2620C470372583935C8E89B360931E467DD191D46D1"
"BepInEx\core\AsmResolver.PE.dll","397824","6BA6D56BF5FD3DD18233B56606A7ED1D42B8C93977B5375716771BF13EA36A1E"
"BepInEx\core\AsmResolver.PE.File.dll","40960","8246433A1A6FB4C012C1814ACEE8A4FF24F3A4FAC593569F6A1E343E68C9D8EE"
"BepInEx\core\AssetRipper.CIL.dll","45568","1EEFF8D76DDA5D65E5145AB0D43A3DAC672E096E5692C47E0382EBB3C7C817F9"
"BepInEx\core\AssetRipper.Primitives.dll","29184","681BA26FD356D9263FDF6AFEB1B8F8506802A9503FFA80C9D21E0C4A46743A28"
"BepInEx\core\BepInEx.Core.dll","137216","08A112D69A6BBB3A594B7476C679F97DFD88E215A95CD52475D7C347538FD3CA"
"BepInEx\core\BepInEx.Core.xml","90923","2439B2721B3B33760A3BAB3B4E497C6FE178D9FC329A6D46D1CC5AE026E76314"
"BepInEx\core\BepInEx.Preloader.Core.dll","53248","2FD1D32C08561E861A8BE3DA679CD3327E198476797C83BDE67688D0620387C0"
"BepInEx\core\BepInEx.Preloader.Core.xml","16386","F7E68941A96A6BBB42237B428F0B38077AC139597AC24C7CBB51E661F51AE3F1"
"BepInEx\core\BepInEx.Unity.Common.dll","13824","47C65DD31FCC3606B66950E1EA7451FAE295774177D677172CA18AE86A4EA458"
"BepInEx\core\BepInEx.Unity.Common.xml","1196","D3164C64D07FFFBD4E5A28DD4A7201D4971BF15F5D471FC919D4707009FC9114"
"BepInEx\core\BepInEx.Unity.IL2CPP.dll","81920","6738156E9C600D15883EE0287D1C33A7E892662FA9CDAAAFB14CF1E9CA74A271"
"BepInEx\core\BepInEx.Unity.IL2CPP.dll.config","456","EA4436344D4CC4C29F3382655C99828ACE3DF659107CB2E6B985227027E48CD6"
"BepInEx\core\BepInEx.Unity.IL2CPP.xml","1846","1DC768A64B78E9A409D3EA420E62E884C883ED488EECF204B71C2EF4E337AD31"
"BepInEx\core\Cpp2IL.Core.dll","394240","A7AE866298472BFA5176C1B5B71ADFA9FE6E2F1DEEF7B8D50F063C0E2C0BA258"
"BepInEx\core\Disarm.dll","139264","40E804C35369825884534734725D06831A534759478C8D9F3F908D80779A1A93"
"BepInEx\core\dobby.dll","205312","8015DE7D867245A1095D13947A63763878E4CF5FD3D3089B63CC39200B055DED"
"BepInEx\core\Gee.External.Capstone.dll","295936","18F9CFBFD10B479143A46B3E417CCFCE4A62D4C2770DA9ED12D553A0B326302C"
"BepInEx\core\Iced.dll","1896448","F058C01321B4CDFC9B9151879E88E59571C8D0BA176FBCF95BC936A8F3D073ED"
"BepInEx\core\Il2CppInterop.Common.dll","41472","7445F52B59C4141D8F627D93B021DE3D958D5EE1D18DC52236E0ED19E97A1DA8"
"BepInEx\core\Il2CppInterop.Generator.dll","219136","D0896363C83A599AE2F2C30E59198DD8133A45C9D6B8C3883D481B8F5B7E07A5"
"BepInEx\core\Il2CppInterop.HarmonySupport.dll","26112","AC580929EFA69EA785E71E9405A7A10C41B920024A6DD1B84095ED917BD1C68A"
"BepInEx\core\Il2CppInterop.Runtime.dll","284160","302F0B4A229266D8747A2B7C9EA4BA16E15DD6ECABCF0D575C6F0487EC8DA82E"
"BepInEx\core\LibCpp2IL.dll","312320","DD3BD5417CAC3FD203B906A90DBAE6719136E61F43C2B4EED55F56242BB10A14"
"BepInEx\core\Mono.Cecil.dll","356864","769A59793D4B8885BBBFBC5AEE8F57A0D4E34D275C56C60C03994309B87F67E9"
"BepInEx\core\Mono.Cecil.Mdb.dll","39424","61637F9940E5E336571CBF945BE0F36D6D6050E06288DF0F0232D93B26F0BDE7"
"BepInEx\core\Mono.Cecil.Pdb.dll","89600","A5249A04AD8FD7DFD47E4D0A620AED0F7EB6051E1DDEC102C541CA3E12F6E2A8"
"BepInEx\core\Mono.Cecil.Rocks.dll","24576","273292BABD45F9F34DE5054BD9CDFE1D859A7DBF6F4AD5974FE4EAD70698ED5B"
"BepInEx\core\MonoMod.Backports.dll","29184","CDD6E9F7BCDB98D2C002F63BFBE85AE80EA36261190A741E64283D769A6C6502"
"BepInEx\core\MonoMod.ILHelpers.dll","4096","0081403BDCEF3340F78C7CCDED0BE6AE0507B397EE8B9980B44F01BF9F93AED1"
"BepInEx\core\MonoMod.RuntimeDetour.dll","112640","1B3D55F53CB9F9F2550DAED4DFD300B247D71698A0ACE82BC7B9FF38D563594F"
"BepInEx\core\MonoMod.Utils.dll","193024","72A5B4249985873D7ECB160CBBED7A1E6540A38EE7618C72C64B9CB068C1438A"
"BepInEx\core\SemanticVersioning.dll","34816","A5B57607225A0EBDE049E93469F49E5B2D07A7D602A03864CE3A72CCF57103A2"
"BepInEx\core\StableNameDotNet.dll","28160","280373B93A140395489D714703AC61F8D02C7AA07AC6E34024F8F0E26901325A"
"BepInEx\core\WasmDisassembler.dll","22528","F837036E0DB02D6F3DDE76DE573FD9A847A1175D61818607E40C46952F5C66C0"
"BepInEx\core\XUnity.Common.dll","96256","AA7516EF55EB64C70F4AFC3D51C903315CC565C415DC5C030678C91942066DF4"
"BepInEx\plugins\README (AutoTranslator).md","158314","E77D82C0AF63CED9846288D34D1ACFD18243828D0056545B7C34E4990393B633"
"BepInEx\plugins\TinyRogues.TmpFallback\RuntimeDialogue_zh.txt","184826","C58B6C8C4CBACF7E4F3E8555BF7436EF3AE3F1C1B6DA072E1B06AB9686EC9CB8"
"BepInEx\plugins\TinyRogues.TmpFallback\RuntimeFragments_zh.txt","16323","9670B29E2FEF883EB8CD9763633F704DD4759645BCEC76AA08F379D9F529E922"
"BepInEx\plugins\TinyRogues.TmpFallback\RuntimeItemFragments_zh.txt","4874","C424ABFC82668BD6BF3C262EDD927BEF0FB05472025D27B7D6577F491026BA2A"
"BepInEx\plugins\TinyRogues.TmpFallback\RuntimePluginOverrides_zh.txt","84754","9C0FBDDF9E9619A6B971F0E09748393EB919755519472D2A7971D9EFDFDEFDAE"
"BepInEx\plugins\TinyRogues.TmpFallback\RuntimeRegex_zh.txt","50590","2CC83FBD57E62B091D12EEEED11469158B5406FCE5F75E16606D2E5C16A0A272"
"BepInEx\plugins\TinyRogues.TmpFallback\TinyRogues.TmpFallback.dll","27648","3D3E715609347B6833AD4D800905BC3A6FC48EF5939981EB291497AACADFDA29"
"BepInEx\plugins\XUnity.AutoTranslator\ExIni.dll","13312","C073DB2220667E6BBBFFF64E13ED4F7E744AF4B554C408F13EA80BFDFFD859D0"
"BepInEx\plugins\XUnity.AutoTranslator\Translators\BaiduTranslate.dll","11264","390376BEB1C5CBFAAD429611A71AA9E1A86A1694FEC5F04E7826B3D0B4692ADA"
"BepInEx\plugins\XUnity.AutoTranslator\Translators\BingTranslate.dll","13824","9BF6C0F597BCA57C942C297950C63EBBE6B570642AA7143268CC304F8E422E6C"
"BepInEx\plugins\XUnity.AutoTranslator\Translators\BingTranslateLegitimate.dll","9728","2AC477F17CE9C72963DD09E95D71DF4CF1EE17118B6C37FB78DE899C0568ED01"
"BepInEx\plugins\XUnity.AutoTranslator\Translators\CustomTranslate.dll","6656","FD1434DA32A40D403D9460C8A97EFC16068EED25CB22C015D9592FAF2D5A5D38"
"BepInEx\plugins\XUnity.AutoTranslator\Translators\DeepLTranslate.dll","9728","D437D9CD1A761F22F93256FFDB0A78D586A7F2060CA4A282D1A3220F4A41ADBF"
"BepInEx\plugins\XUnity.AutoTranslator\Translators\ezTransXP.dll","6144","982D73DBB22C98C278F06FA7BDB755FFBD720458A759EEEEFD9BBC474D62722E"
"BepInEx\plugins\XUnity.AutoTranslator\Translators\FullNET\Common.ExtProtocol.dll","28672","498A27B2F245FFD0371CDE30DE24E7F3367799388E0CA72E89D6AB98C30ED7D3"
"BepInEx\plugins\XUnity.AutoTranslator\Translators\FullNET\Common.ExtProtocol.Executor.exe","9728","19DB84F3CB7FC7E05D65AF82CD35D6F9815B56BAC977BD8512B0DF419B674697"
"BepInEx\plugins\XUnity.AutoTranslator\Translators\FullNET\DeepLTranslate.ExtProtocol.dll","25088","030DA601AFDE1E4D7F36D257F979FF4509870DF5457FCB1725AB0BF20BBA5CDC"
"BepInEx\plugins\XUnity.AutoTranslator\Translators\FullNET\ezTransXP.ExtProtocol.exe","10752","C99746B4EDB2E84672C525BA09D665C995DA935C01C84AD403EFB638CBC863FC"
"BepInEx\plugins\XUnity.AutoTranslator\Translators\FullNET\GoogleTranslateCompat.ExtProtocol.dll","12800","CBF2D1496E5038B5659DC2D58D22EBEFBF106529CAE5274D198766A228527193"
"BepInEx\plugins\XUnity.AutoTranslator\Translators\FullNET\Http.ExtProtocol.dll","14336","211078730E7E780BD20FACAAFABE76EB902F1181DA5319E5554BAFC2AC1106F2"
"BepInEx\plugins\XUnity.AutoTranslator\Translators\FullNET\Lec.ExtProtocol.exe","11776","4B3997F5844C0FFB3F4D42C930229D6C2FE20B4E7D052521B09550A5E076FBC0"
"BepInEx\plugins\XUnity.AutoTranslator\Translators\FullNET\Newtonsoft.Json.dll","701992","B624949DF8B0E3A6153FDFB730A7C6F4990B6592EE0D922E1788433D276610F3"
"BepInEx\plugins\XUnity.AutoTranslator\Translators\FullNET\XUnity.AutoTranslator.Plugin.ExtProtocol.dll","10752","D30999E96A30D99F597513B47541A21E1F5D836B47A57117112416CCB330BD3E"
"BepInEx\plugins\XUnity.AutoTranslator\Translators\GoogleTranslate.dll","25600","0D3C23F98D5F288B799A2F48FC6661CBA0898AB996675EB3EE38D3CD45E3D605"
"BepInEx\plugins\XUnity.AutoTranslator\Translators\GoogleTranslateCompat.dll","8192","3C61839F9C613495F9B6A5F41B41263E10F7B36A247B2D241CE71AC9F424EDAD"
"BepInEx\plugins\XUnity.AutoTranslator\Translators\GoogleTranslateLegitimate.dll","9728","CA3B96027F04A475D2896F993A17B9026DF943CE66F53053160CB3866FE3701B"
"BepInEx\plugins\XUnity.AutoTranslator\Translators\LecPowerTranslator15.dll","7168","6B85714D9A8856691E9849E692F982D0377B09A0654D1B5B2B6A49ED6B5EB832"
"BepInEx\plugins\XUnity.AutoTranslator\Translators\LingoCloudTranslate.dll","8192","0A70CDBA8F66FC139008B7724DD5FF448B838EB8CC090BFF38C1A35140622A04"
"BepInEx\plugins\XUnity.AutoTranslator\Translators\PapagoTranslate.dll","12800","01F4488EC58E7F712E39509202964F1F49DC12F4F87CB0EDD6A24F7564E890D9"
"BepInEx\plugins\XUnity.AutoTranslator\Translators\WatsonTranslate.dll","9216","6701E19016483C57C55A82227951B00FD4B85D47A5D7DB00B6A2EABAD4CDDB47"
"BepInEx\plugins\XUnity.AutoTranslator\Translators\YandexTranslate.dll","9728","4F522E353253BBDFD1FA4EEE17B2BB3DA9301625263331FAE7FED25F0872C56B"
"BepInEx\plugins\XUnity.AutoTranslator\XUnity.AutoTranslator.Plugin.BepInEx-IL2CPP.dll","7168","1CBB1A20494475EA433833D520E200DE8037C9AF1E7D35A71911E432E3447703"
"BepInEx\plugins\XUnity.AutoTranslator\XUnity.AutoTranslator.Plugin.Core.dll","643072","FE4F909B8C1720D9A63E8D1AED1438AEB44ABC908465F38F08F40D17FAD4872A"
"BepInEx\plugins\XUnity.AutoTranslator\XUnity.AutoTranslator.Plugin.ExtProtocol.dll","10752","D30999E96A30D99F597513B47541A21E1F5D836B47A57117112416CCB330BD3E"
"BepInEx\plugins\XUnity.ResourceRedirector\XUnity.ResourceRedirector.BepInEx-IL2CPP.dll","7168","F62487D1B15637D7C8EF3FA1F7D9C1F9612F056109BCF01A62D84E94F8A6574B"
"BepInEx\plugins\XUnity.ResourceRedirector\XUnity.ResourceRedirector.dll","65536","F22F6440FBE6E43D9385636782F8A099042C52E8798943120E7B6F33EF688274"
"BepInEx\Translation\zh\Text\_AutoGeneratedTranslations.txt","3","F1945CD6C19E56B3C1C78943EF5EC18116907A4CA1EFC40A57D48AB1DB7ADFC5"
"BepInEx\Translation\zh\Text\_Postprocessors.txt","3","F1945CD6C19E56B3C1C78943EF5EC18116907A4CA1EFC40A57D48AB1DB7ADFC5"
"BepInEx\Translation\zh\Text\_Preprocessors.txt","3","F1945CD6C19E56B3C1C78943EF5EC18116907A4CA1EFC40A57D48AB1DB7ADFC5"
"BepInEx\Translation\zh\Text\_Substitutions.txt","3","F1945CD6C19E56B3C1C78943EF5EC18116907A4CA1EFC40A57D48AB1DB7ADFC5"
"BepInEx\Translation\zh\Text\RuntimeFragments_zh.txt","3","F1945CD6C19E56B3C1C78943EF5EC18116907A4CA1EFC40A57D48AB1DB7ADFC5"
"BepInEx\Translation\zh\Text\RuntimeOverrides_zh.txt","13637","DB3C046FDE726D39FA797DBAD582C4F08EA165F28ED217C7F9CE6CB6277725F0"
"BepInEx\Translation\zh\Text\TinyRogues_zh.txt","475642","6AB9A82CAA99DD664B66338CEA8820C9E7C1CD2FB5ACEF112DC28689ED735E33"
"changelog.txt","4197","135EBB12586731C30AA714B111E515CAE272EEC5E5067511AE075B84AA3A5FBC"
"doorstop_config.ini","1637","7DAEBB02054747FAEE66C875A778E0E8D54DAD24DD460E1FB69AA31378D9EA8F"
"dotnet\.version","49","4052AB33B00D0411FC9CE103AC9D51564CF8630FDDB7464D82DDCC168D4D302C"
"dotnet\clretwrc.dll","304768","825E796BA50A5656B80AEFD3B53E44585F0CAA33C46AC115BAB0E09A67501354"
"dotnet\clrjit.dll","1436288","6521495C6C1D0EB29402FA4A79667036D56BBFD902DAA4E7F3FC89A1C079EA54"
"dotnet\coreclr.dll","5123200","04377968C540F704AAE92ECB0EC9BBFD5FDDFE226DFCA30AA3EEB52006A44FD8"
"dotnet\dbgshim.dll","140416","8BA04CA88CDBB7ACEB134C12BD67ABD7FB2864C4008495F8224A084B9BA74C93"
"dotnet\hostpolicy.dll","392320","3EEE1BF88ACDAC74AEDEA15EB4BA2C4410D2082184266CD929C1310462115095"
"dotnet\Microsoft.Bcl.AsyncInterfaces.dll","16000","5705D245072D3EB78400547B32147DBB6E2C8B02BA8BDA76729798F5EFDEAECB"
"dotnet\Microsoft.CSharp.dll","1045120","316A247FD993E03F0A4D1E7ACB89DC5BC602555B7078BFB60E11BA2E24D960C6"
"dotnet\Microsoft.DiaSymReader.Native.amd64.dll","1813896","3AECC22ECECF784182883EBD2C2BF60BCDB25CC209DD64C32800B845EE8966E0"
"dotnet\Microsoft.Extensions.DependencyInjection.Abstractions.dll","43632","9CCD830351AA28BC683D4F8D1CEFD9E724161F972D25BFB64EEE5BF55C48C5E3"
"dotnet\Microsoft.Extensions.DependencyInjection.dll","81536","2AA8182B5356A8CC5C35FC3641A87E814857D8D9BE399AC78F260343754D09E0"
"dotnet\Microsoft.Extensions.Logging.Abstractions.dll","62064","D575C9D1543CA726CE14DBDFFD103E93EA527CD46BB28316DA1F4122DBC55D56"
"dotnet\Microsoft.Extensions.Logging.dll","44656","183650081B551DFAD967A7CBF79946A229CB79458B8D04A12DB7C44B03BB9AB7"
"dotnet\Microsoft.Extensions.Options.dll","59008","786112CB2F6646EF1170219A8C0BB813C9F14A6781E67C6266414F55A679565D"
"dotnet\Microsoft.Extensions.Primitives.dll","40048","8CE9A85927EC7507B11FFE90080E7A811D51304A9E8B1DA20C350159BA403902"
"dotnet\Microsoft.NETCore.App.deps.json","32783","879DC0CB9C9A7A41681E399FC4F18C15EF1AC9A3410F68B94A8D13DD0C6C391C"
"dotnet\Microsoft.NETCore.App.runtimeconfig.json","159","1B7AA545D9D3216979A9EFE8D72967F6E559A9C6A22288D14444D6C5C4C15738"
"dotnet\Microsoft.VisualBasic.Core.dll","1245312","5897C9FC711AEB67F0C0CB1DCF205035CD48EA6AA6E8C9A9DFD99874E7EF9EB1"
"dotnet\Microsoft.VisualBasic.dll","18048","2EA09B137ECA6D0AAA01FC6746B56242F9BD4F9659A7FCDC78E64162D58752BB"
"dotnet\Microsoft.Win32.Primitives.dll","26240","E8F2611B0CDC077D5600CCE9E02C1BAC42A54C3574F6DC16C478B3E6A0AE217C"
"dotnet\Microsoft.Win32.Registry.dll","87680","E927CBBA4F097B165BC07B85DC8E6B8BAD6DF17FC1035F2AB54DAC844BF9C922"
"dotnet\mscordaccore_amd64_amd64_6.0.722.32202.dll","1321880","0CECEE158F8B762C8A3610A91CA099ABF7FB834984803EC7D4E0BAE09CCEC173"
"dotnet\mscordaccore.dll","1321888","DD2DA6E841155C8869A68270D951246CBFE67943BB71082121FC5EA3D5439661"
"dotnet\mscordbi.dll","1269400","ACAB4F32FB8CE65F535B2096C4556962DD271D40000FE688F19A04BDE93A2080"
"dotnet\mscorlib.dll","58496","17D4B3D640A611585C6BAC2DADD22F76A68A667AE0CC90C446EDE02EDEFB506D"
"dotnet\mscorrc.dll","147072","587FB8810E8DED0BD1B33C4A8281EA2F288C58C1DD62AFCB33F30433F04B124E"
"dotnet\msquic.dll","499584","4101DCF2EDC42417FDC3F7DB048442BA0B0A05D376CAFA3ED6C85E1DC6B3B9F6"
"dotnet\netstandard.dll","101504","2666C3D2972E95B2306CFAB72DFF26704CE89F1A25B55BA05DAEFAC2F7654575"
"dotnet\System.AppContext.dll","15488","50646E8365BB6774C96843E2050607DAA727FE01C5AC0DC33F20078BBCA17800"
"dotnet\System.Buffers.dll","15488","FCDD06FC669315988D2A27A6A2E78DEB03DFB5550C277B328D90A8B26ED81ADF"
"dotnet\System.Collections.Concurrent.dll","246912","1314F85D88A247A8D3FC4A41F1735AF31E5E0C5324E93E3B167B331B46DE8019"
"dotnet\System.Collections.dll","264832","628A180F7C368A1011608B422DD1C8DE37064F21B59CBC26BD62E9B065C2E7BE"
"dotnet\System.Collections.Immutable.dll","666240","89743BC3E0B95132470C2C699ADD5CB5466FE7FB938725E09612B9BEE526EB9F"
"dotnet\System.Collections.NonGeneric.dll","100992","AAD04CCE314CED4070B457A1638FA9BD85160B4148582483B4E317D7F2F92CEB"
"dotnet\System.Collections.Specialized.dll","95360","6B3143AB53EF90285DB5C30DE82EAB03A78FF83CC53F62730408A3EB593FF026"
"dotnet\System.ComponentModel.Annotations.dll","187008","C72AA4EFBB17D9C5C8BC03A69B963644652DA5B5B5B6CC8489D75379026511D2"
"dotnet\System.ComponentModel.DataAnnotations.dll","17544","ADE682D3E52B24E47D7B14B1E71AEB8DFF77F5063006E5CB1BF0CAF03629DB1A"
"dotnet\System.ComponentModel.dll","18584","69E9429B032C853FCABD9DFC3BDF13701AC8C730CA40E1AFC949F935932846CD"
"dotnet\System.ComponentModel.EventBasedAsync.dll","38528","F2533CB4E274CE9DFE702EA34AFFB2E32B220EE714FB8DC118B2339519227131"
"dotnet\System.ComponentModel.Primitives.dll","75392","ADAC36FEC73388CDBB349527BD81B84C0B88EC2B381B81CC97EFB4549CD471FD"
"dotnet\System.ComponentModel.TypeConverter.dll","744576","7126B16695D5A2E4A593CEC1B7CAB8EC10DF5CBD9F31F5FF7CC25671E41E82CF"
"dotnet\System.Configuration.dll","19584","2C724A2A5B4E6926C5EBB56ADB3F33F27067E2E3D319E814A8537B9A579B32E1"
"dotnet\System.Console.dll","156824","82F483F5B349F8F4F0BC6C651D1FAA2E78DD3F01528DC72C7AC387BA7246AE06"
"dotnet\System.Core.dll","24192","8B05CC2DFD7491B709CAAB31C5FA5D58DA1BC321210536360AD20D19BE39E508"
"dotnet\System.Data.Common.dll","2983552","48D8145EF5E96C016ADB303BD59A34BACDA6F94BAEEDD9DC548DED61DEFEBAB1"
"dotnet\System.Data.DataSetExtensions.dll","16000","0F5E8441CE28F0771F8FDE9A5D1C6B65E6E25DFBF2C1B24420C2DFECE3A29631"
"dotnet\System.Data.dll","25752","5566075CDA9658C248D506AEA051BCC120C94005BF14CF4BCC1B23FA7257F9EE"
"dotnet\System.Diagnostics.Contracts.dll","16024","ECCDAAAC1B9F2AF83A9F6B49786996D334F6CE7133C1C37C4647065B49EA8A63"
"dotnet\System.Diagnostics.Debug.dll","16024","606E24A3BBC11942914FF4F60C3007FA737E0D5A2F4A5C021E0238F5403B66FE"
"dotnet\System.Diagnostics.DiagnosticSource.dll","380568","A939F33CCEA3A6731FDFB7791D32C3B518864F243211E39B6156DBB21CEB04BC"
"dotnet\System.Diagnostics.FileVersionInfo.dll","35456","B9E7B0073C546037A4F28439E8C3800C93F442E22CA706790D90AD71E7C319B6"
"dotnet\System.Diagnostics.Process.dll","290432","98C318970936E1AC79CDE888E4CBFA455D91348881931FEFA6C84A2CB084D5E3"
"dotnet\System.Diagnostics.StackTrace.dll","36480","7B7D3F408AE1AEFA8C78F9AF5E2300546A08BA49E198247FB6538B13BF0E5B0D"
"dotnet\System.Diagnostics.TextWriterTraceListener.dll","60544","655D26FCF394B8FF01C2E3ECC8A40271903C02A7E251EBF4D58B8D291EA5F488"
"dotnet\System.Diagnostics.Tools.dll","16000","89B601E94E5BFD18C573DCBDD8AB2F6FA67F5C6B88E9B32888D79D70A2A3B2BD"
"dotnet\System.Diagnostics.TraceSource.dll","133248","A9138F26B1D866FA7179EAB0962D7B90DF61B39DBC088DDC951EAA0AB146B0A5"
"dotnet\System.Diagnostics.Tracing.dll","16512","5407D3AC2FBDB47A25C34E84A7B679EC4F76791AE4C7CB7CC6312C20FFD04094"
"dotnet\System.dll","50840","9FB95A87AD50D6B0CAE05D9108382915144068034FBBD9F7F733C01DCC0CCFDB"
"dotnet\System.Drawing.dll","21120","5176D9CBEE941DED09DC6C1AB8255241ABD07DCAA8B177F0C7F6FC1E99F498B3"
"dotnet\System.Drawing.Primitives.dll","130176","D2AAFDB04C1AF629CDEB2798A189B23840CCF0630B8782920738CD928BC59121"
"dotnet\System.Dynamic.Runtime.dll","16536","2A930D63F7020099F6B61733147AF4E38CBC3F80EA6EEA93C79421103751E6AA"
"dotnet\System.Formats.Asn1.dll","197248","26173E7E2970904164E8E3374EB225351453BA4D06D7CC3762ED2E610F9F8A7F"
"dotnet\System.Globalization.Calendars.dll","16000","9DF5237E78ABAE0EFD1D90849B6A94C88A73C5DA5CAB3302407472F886EAF057"
"dotnet\System.Globalization.dll","16000","FF51C19E14E496EBD3C93A661190E1D6ED99D3F2CC7BEE4F9A826B7A46332E5A"
"dotnet\System.Globalization.Extensions.dll","15488","51EAA10853A4672F0ED9E673FF8D7AD154514A26A8C4B990C313F61787A9FC62"
"dotnet\System.IO.Compression.Brotli.dll","72856","DC1F71AFBC55F6A6C135CD135B89E461C580B73C619DAAAA91EF266EC0E4BCC1"
"dotnet\System.IO.Compression.dll","266880","2C70DB9227451B97F5F2C9CAD7E4A434895983450E5B653082C29D69AAF25292"
"dotnet\System.IO.Compression.FileSystem.dll","16000","FC11B8625F1E1A5382274494FE0F2459D9E67951217DDB965BA384B8F84A6001"
"dotnet\System.IO.Compression.Native.dll","822936","B4E65C507F48F28E96E69247E47093B35D0B1A376AF4C052D504983E9C26AE44"
"dotnet\System.IO.Compression.ZipFile.dll","39576","6237BBAE8BCD8E34273CA5AA59685701FAD22B6B6FCFF3E7DAE277942F254355"
"dotnet\System.IO.dll","16000","BB50FF8A1F9AFFD53107DDDC78A33CB656988D6842F5AAC628CECB0B15F634AB"
"dotnet\System.IO.FileSystem.AccessControl.dll","93848","544DEEE0E7663D4C5D6091F1B2197ED27E2FC5222254682B3BFB76A01EAAA8BE"
"dotnet\System.IO.FileSystem.dll","24192","91E0348A48B0D9A69E0FD8DB54B1BEE3B9465AE13F7FD95FBB4B25BDE3F80C16"
"dotnet\System.IO.FileSystem.DriveInfo.dll","42648","CFC334386E491A0FA41409D2E7CFE9C8B27E18FA3193D101916F92D93D975984"
"dotnet\System.IO.FileSystem.Primitives.dll","15488","42A9D51D8FE5166FEF82AAC23C820ADCB354B822B5B74728FFB0E79093EA0D3A"
"dotnet\System.IO.FileSystem.Watcher.dll","72344","DDBA64E364F20EF1472D39BBAF988073276C4F2ECF72B4F8196388DDB20BCC11"
"dotnet\System.IO.IsolatedStorage.dll","83608","A79B19F37DB340184F6A53A82B0E3410D7698BF1736EC479224EDF7EB3D508F9"
"dotnet\System.IO.MemoryMappedFiles.dll","69272","958EB5C597368F194D334D0BFF479706C83A8A80C992EAC3B9BA5B94E5ECFE4C"
"dotnet\System.IO.Pipes.AccessControl.dll","16512","D434A73F0B9368922BDC7D57E0BF7A80E3566CBD3A29665F4D868E5AAC1A1677"
"dotnet\System.IO.Pipes.dll","136344","FB75C1DD8C3A77641AB28058D32738551FCA2E5EC52FA6C123E3B42E5639126C"
"dotnet\System.IO.UnmanagedMemoryStream.dll","15512","CF9C47E009E08695C200647DDF2B6757A8375FE3A74830137143C989864EBFD9"
"dotnet\System.Linq.dll","537752","52E1CFBD54DE414A2B3C44DAD40BBBA10F72A8F9BA9CEE68323BDA0B4F417F69"
"dotnet\System.Linq.Expressions.dll","3857048","DF96691089EA41CB5A8DAFFC5E95324A5A5F3516083BFF2448A377FBFD61E918"
"dotnet\System.Linq.Parallel.dll","849048","920B3F087C615A7AD0057925B3FA6D9720690123075A6FE2AF07203F26786656"
"dotnet\System.Linq.Queryable.dll","228504","BA5E7F66011AC7F215518D46FF2A13F646489D5A89334C33D6B9C6F697E3E2D2"
"dotnet\System.Memory.dll","173720","108F424CA216F2D057C722F686BCC25DBC02B221B2CBCEEAE21DDB456FD97EAF"
"dotnet\System.Net.dll","18048","50E883AE0CF45CD8D35EE4CDB83DBC3B6DA8284AFC4EF53352CCBA502FEBE6A2"
"dotnet\System.Net.Http.dll","1801880","5B1CB786C6DA2C36E86F2079EEB22081C35BF951D5F286AE4A83154A3071EDFF"
"dotnet\System.Net.Http.Json.dll","82072","D0B4BC46949A090C1F30DFF8834EFDD7AB2CAE8FB888B60032F180E5C179AEBD"
"dotnet\System.Net.HttpListener.dll","639128","4EFAB60ED73E5AE823610FDCD2DC66CC02C6C44244EEDFA8CE424BE7F62488AA"
"dotnet\System.Net.Mail.dll","551576","866B26900D30A29B174213E217E21A49D2BFD1E99B21E5AB33EA8E4D5AA1C88C"
"dotnet\System.Net.NameResolution.dll","101016","BC9F07B05893C03CD47FBC71176C3E89287A493EEA4A430D74193C841463181D"
"dotnet\System.Net.NetworkInformation.dll","150680","4310EE56787D5CB17A908C6313C7D7C0BE7E66772AD43DCD384CC12940793067"
"dotnet\System.Net.Ping.dll","79000","76D2A89CFEAE149C1CEEA891B563527CAD6C4823E01185AA25824CF1C0AA931C"
"dotnet\System.Net.Primitives.dll","214168","421FDCBD8EB0A744424995DBCDEE2E72ECA9EF1BFCDDB53187FB624499DCCC51"
"dotnet\System.Net.Quic.dll","291992","78C61D0EFDECA3DD6929E80083798DCDA9B557183F37D556397DAAD7241F83E7"
"dotnet\System.Net.Requests.dll","348808","9990E35B0AAFBDD58ACC4ED76DB1F4F8639C0F9CC9F02AA38B8FBBE8D173F340"
"dotnet\System.Net.Security.dll","682136","F591CE881A45FE77608F8B301853218DEC7CACCC7F1007A3C6D59EEEC8F8C7AE"
"dotnet\System.Net.ServicePoint.dll","37000","15A4182BE2F2D7613F5240FD7805E197CD28B6E5DC85FF56A18438D2ADC0AE5E"
"dotnet\System.Net.Sockets.dll","506520","0D00C303E305949A1543658E9E15477FBF6EB66B663C4CD2CF8C037E0265E7D7"
"dotnet\System.Net.WebClient.dll","166552","2DAB6B8B9EFA86A7F0AF51CCFBCFD135D309E648C4D43223923D87F7BA983FED"
"dotnet\System.Net.WebHeaderCollection.dll","60568","A62CB21ACCEBBB410308073BD1D7B177D91365AAF5AF63324E7446D4FD6155C4"
"dotnet\System.Net.WebProxy.dll","31896","21A3230F6D7A3D0BD307BE718ADE71E8F12D25D0C1F468D040F12F053680DE2E"
"dotnet\System.Net.WebSockets.Client.dll","75928","9C21E9AC3CAA811D28EC68B063079EEF2CF3AE889855D1D989360F53994ECA3E"
"dotnet\System.Net.WebSockets.dll","181400","2D92421344665A67179B8E0A6AD2FB74C233EC45673EB3CAB1E20C1CCEFD206C"
"dotnet\System.Numerics.dll","16000","FB8C60330243A677CFF36E3EBCFD3DFB5AC0F2D739F92C7DCEBCF5C8C9E62DA2"
"dotnet\System.Numerics.Vectors.dll","16000","5B4FE8F00F2C18936CE3BA3C22BA351E0D886B6BF071BB19EA1DEEDCE4D3624B"
"dotnet\System.ObjectModel.dll","90776","EE2A487CD7ABE5E08207426240E5EB981902EA894BAA6767A7F786BE8311E538"
"dotnet\System.Private.CoreLib.dll","10631320","2CAA46D2AE726E135592033B6C682232A08698C23DBD1A9207F86C4CCA081AD7"
"dotnet\System.Private.DataContractSerialization.dll","2074256","913461FDCA318C69540EC544619A52CF4865626DFD2054EBE075ECFA82BFF1EA"
"dotnet\System.Private.Uri.dll","252568","4B80767452017DA1726302DF729D9918C95BA8B5B05EE75A4807B17D88EF96A6"
"dotnet\System.Private.Xml.dll","8504448","38A26C1F6510BE0F2371FBDBCC590B3D44FDB2B76807785FDDBE52336630F66A"
"dotnet\System.Private.Xml.Linq.dll","405144","5166BFE1A33746892B87F09CCAD542396F9A23ED4A5E79427E3DFE764FC1AD42"
"dotnet\System.Reflection.DispatchProxy.dll","66200","86B297AE56EC792107F2649A4E5C54120064D88F40E5A4541331F653F7AC1E83"
"dotnet\System.Reflection.dll","16536","36194CB5F9821D7712E66C222E6A4D6DE7557344EAD607EEA6A6FF55D8A0A4F1"
"dotnet\System.Reflection.Emit.dll","16024","06B2AAB6E04FF1F2250C0636B90355D73E39E5A2B0ADA6065B475282C28153E0"
"dotnet\System.Reflection.Emit.ILGeneration.dll","16000","59E813FA039D140323B7BC2E51DEF90AA141C7F02CF45B6CAB45B9829DB9B993"
"dotnet\System.Reflection.Emit.Lightweight.dll","16000","C63FBD51C1D794F1551E096A5A8ADFCCEDFBA4B6EE0B6AEAF966BF6EBB1A7223"
"dotnet\System.Reflection.Extensions.dll","15488","71CAA3D1D16BF22AC4CD1672D200ACE3225BABCE1E2E889200F15EFA734B6222"
"dotnet\System.Reflection.Metadata.dll","1130648","695365A6FB1C1B7762AE925BCBB5BD2827CED11C750D15DC5F88218D6FC4D8DF"
"dotnet\System.Reflection.Primitives.dll","16024","1DF428D05437F42DC1EE52EF3BE19A751CCE5A577B130425C8137FADE97C5CCC"
"dotnet\System.Reflection.TypeExtensions.dll","33432","5BD856CFA8F30BEDDF9DB302F6ACF851F63661C7C753B9088266F9AC8DD09973"
"dotnet\System.Resources.Reader.dll","15488","1CF8DAF7B1D834D48E95AF0E92D281ED18F0C40036008073AC61418F44B1C1A4"
"dotnet\System.Resources.ResourceManager.dll","16000","BEF18F0CEDE69F1F3B889D7BF1BD00E90B7136CD9C4CE0D85FAE23B6F952885C"
"dotnet\System.Resources.Writer.dll","45208","752F89C066FC0D872654C6501DD6B89FA6E1A4FB649AB19BE00AC59A5D02052F"
"dotnet\System.Runtime.CompilerServices.Unsafe.dll","22680","1F1269F45ED627B6DA1D02E668A5846FC8D89FD54BA541458FE3206CD261D4D3"
"dotnet\System.Runtime.CompilerServices.VisualC.dll","20120","A4645622DB0FC9D3BC239B5136472C17CE738BECFC8C9875DC9CCFD1C153E51A"
"dotnet\System.Runtime.dll","42624","5EE7ED5290D8B1F8E47854D4A9CAEFF68A503DEEACE7B36451988F80B5141504"
"dotnet\System.Runtime.Extensions.dll","18048","F17FE826509283F6BDEF0789EEC192FBC811DA6A142B19F9E14E25A79D4C2403"
"dotnet\System.Runtime.Handles.dll","15488","581DD1B50B99F685B62F0CD79C7E0629B3841E371850686E78EB68D695E52633"
"dotnet\System.Runtime.InteropServices.dll","51864","833CB735BA01762C8EC501D20936081C0FD75F267F45B4FE3C86BFD0321885C6"
"dotnet\System.Runtime.InteropServices.RuntimeInformation.dll","31896","00B0F34E391F998E0DF534D32E7ABCB62D524E84BD3276C8526924231EE22D6A"
"dotnet\System.Runtime.Intrinsics.dll","16536","7345861DB1327A1B748690E6952B1A153EF1340C36B9FB9390D149FE04148F85"
"dotnet\System.Runtime.Loader.dll","16000","4A3343C5602A5244883878DD2A2E3A354975094557BE888B093E08255E3B802B"
"dotnet\System.Runtime.Numerics.dll","221848","19A0C0768273026E7CC01631ED0827665D1B603F10F536D786D8AB11B169B93B"
"dotnet\System.Runtime.Serialization.dll","17536","70757055150731E3451F81E22F5707B0BFDFF98C267B9E5783E9D4A6CD60EE4D"
"dotnet\System.Runtime.Serialization.Formatters.dll","322200","33C6D92A36190E0D3ABE51746C8828A189D594159A636FF88BF76F51B057A416"
"dotnet\System.Runtime.Serialization.Json.dll","16000","670E0C3A4969B800835B65780639EA85EF68A69C8F1B2D015863EEC96C2A8F1C"
"dotnet\System.Runtime.Serialization.Primitives.dll","28824","871FB41960257B1D1DC6F87E00B5DE822D9288C8B93E3F3E5B17BD25924BD80B"
"dotnet\System.Runtime.Serialization.Xml.dll","16512","47586D335A3DBCF691043DF4670C741091B62B4F59E619F5A3CDC876EAB08521"
"dotnet\System.Security.AccessControl.dll","215192","219A62E07AD0C1D56B1614D28B0B13BDBFBFCF6DADECF1E5FF69D858251DC3BB"
"dotnet\System.Security.Claims.dll","94360","18579E03CB56973CB460CBD7C501FA3AA246EEDCC0F02B4F6775AFF286DB68C8"
"dotnet\System.Security.Cryptography.Algorithms.dll","805016","667EF15B3831A6D7BC1A940911E428FE1344182D9FB14EFB5D429107BDA57D85"
"dotnet\System.Security.Cryptography.Cng.dll","485528","A719D3969BF9B6DD451D66B7E046458EA945D8338B976E350C4B6813269C404C"
"dotnet\System.Security.Cryptography.Csp.dll","189592","3B7A3937F3FB40061A0D6E38B3F493A337E300C92746B8D2FC7B8CF1D9B59A4C"
"dotnet\System.Security.Cryptography.Encoding.dll","93848","DCC9B161CF56A2BB2BFAF847D81DEF41C4EB417FA96A5C79F984747849BB8877"
"dotnet\System.Security.Cryptography.OpenSsl.dll","31872","E74084306323376BAB22B4F878B2C9FDC12C43ED06653B3F9C73DB56B3591145"
"dotnet\System.Security.Cryptography.Primitives.dll","134808","A65F2DC2405B377AA9AECDB3E892ADF3C8569CEB4452ADDC924C9B16045B0DA6"
"dotnet\System.Security.Cryptography.X509Certificates.dll","486552","CFDA448A05D9971CB03AE3FBDC4979B5E5651FD30B63557A2C74112900F82041"
"dotnet\System.Security.dll","18560","519F5338EA24E512A1D71FD96D18BACB85128FA094BA813317BB331B658BEC2D"
"dotnet\System.Security.Principal.dll","15488","2F1B9586D961C3EB0159271013BE873DFEEC4589C0674262EBE229EE06985A42"
"dotnet\System.Security.Principal.Windows.dll","151704","6E25D5295C42307EC2DF0BB2F141CECBDB7E3EA5DC35D063E9FE7FD514700F0B"
"dotnet\System.Security.SecureString.dll","15488","D70F379E07A8A54647EF157558B60DE50EF6B4B0AD4ABEE41AD9C633E3D8FA6C"
"dotnet\System.ServiceModel.Web.dll","17536","EE7335CF0974CBEA6D78768C524D5E7ACCD706CD99146F98727A457D207BD637"
"dotnet\System.ServiceProcess.dll","16512","0E2E25D61F605DB206C1FB57C2011564599D6B4750BDCC9D44719F81223F25D3"
"dotnet\System.Text.Encoding.CodePages.dll","871056","AC1E98B77CEC783C34593A42BBBC4B97BF46CE738AED4933B804EF917BF3066C"
"dotnet\System.Text.Encoding.dll","16000","09CC4FFEC8AC09328C3C03964DFEA531E8F5536CEF566CFF51FB7DA50F885E7C"
"dotnet\System.Text.Encoding.Extensions.dll","16024","6CCAF501DC6E4B578FA8DB6E8EFDC549D405A63042FF916093BD8F84E8277032"
"dotnet\System.Text.Encodings.Web.dll","131224","276DFD56C6573B8E1F418C78043DC6606D986C66A1B78CF882C8D9AA7C51864E"
"dotnet\System.Text.Json.dll","1483928","B1F14F11DD6F2BDF15705FAE316A945C9B97C5CE5DA67C29BF998353287B76DF"
"dotnet\System.Text.RegularExpressions.dll","529560","581EE84E5CA9E283BF1B61B94C495732153B5FBEC98A51FC5D35C9865604ED0C"
"dotnet\System.Threading.Channels.dll","125080","52472CD978C808EBC3FD079F935CBC646B02C9EAB41B175F68CA4E136037748E"
"dotnet\System.Threading.dll","80024","9ED389096339C7FD65A1B11B624AA72E939E23651D86BFC6A81227DB7AC91AB0"
"dotnet\System.Threading.Overlapped.dll","16000","2385CA2D4D7DF73888EB7B943402EE90D68B0CC99D03A02C760B1C23A49F40C6"
"dotnet\System.Threading.Tasks.Dataflow.dll","505496","7C9EC6A8D77F2A2E8AA1F146DD75C4E1F3DFEB9D7033F9F95FFF84864FE2B73B"
"dotnet\System.Threading.Tasks.dll","17024","476884F230B4ACB4BA86F24C8105C3076A5C30CCE6B11275ACCF80C4E400A98F"
"dotnet\System.Threading.Tasks.Extensions.dll","16024","7F292C1E8845374D4D27650E96BADF3E080C6B5CEF0A7EE37B7217509F6B732B"
"dotnet\System.Threading.Tasks.Parallel.dll","138904","83B2C4B665B58F993D4ABE80F0D26A9322F12B40F7D5F696392EFB637FB3A3FB"
"dotnet\System.Threading.Thread.dll","16024","F11E17A820CCC7B084692C68411E1FFB6F506645D7994A956CCBD796ABBB873F"
"dotnet\System.Threading.ThreadPool.dll","16016","718D35D92F5C055823D44599B0C049273FCD9D922EB46326B120A8D708FD6978"
"dotnet\System.Threading.Timer.dll","15488","32C4D5F583E36E0835D9898514615C43E58BFCF7AF7301644F49A17D18B6AC46"
"dotnet\System.Transactions.dll","17048","BA6DEF1337EC434309B6A28A5653291F0CC9D411FC0DE73C0783D3199C1FC24B"
"dotnet\System.Transactions.Local.dll","351384","A12BA56A76034DEC5A5D4013556D49AE5F4FFAFBA9C78C08A9FEC808AA26BD30"
"dotnet\System.ValueTuple.dll","15488","05F443AE382EFFFB5DA640D55C7C334243B559DE26349DA1D6A0B40CE1C11F30"
"dotnet\System.Web.dll","16000","25B81B487B5B474E269CB4A7AEB75AEBA0CB2FF9E72B2923E4BC0B8FB01AF526"
"dotnet\System.Web.HttpUtility.dll","52880","8DBE2A8D794F0AF632C49A8E9929CFEDCC68EC4ABF661A39B656974DA9FB7C2C"
"dotnet\System.Windows.dll","16536","07AE7C534940C94625C7C8CD86E9EADC6FCE3D750D308554EDB4E24BF4587D93"
"dotnet\System.Xml.dll","24728","57AF41B86E30D8EBAC3BE05C9D063E5371D62DE703E10AAF5A187908FF8AE6C7"
"dotnet\System.Xml.Linq.dll","16512","A5EE9219F397CB0DE7940C872C0F40E54D04A1DADE86E9322559009DC48FCB88"
"dotnet\System.Xml.ReaderWriter.dll","22144","2F5D5B42B268F17A68657535CFBA174B350A39C0D70B8556DE67AAAA6AAA828B"
"dotnet\System.Xml.Serialization.dll","16512","C61362868EAAEE5D22D2DA10502FD751A0799647EA4A6C83FB1E4D994757B7B7"
"dotnet\System.Xml.XDocument.dll","16000","F9A5602336E6F819F2E502670075B93AC9061B92DA7F43CAA6FC5AD8F3CD9395"
"dotnet\System.Xml.XmlDocument.dll","16000","EA510537BDDC1F5B5F85B41D94300B4189D13F5605FAAD1A5BFECB04C9C45A38"
"dotnet\System.Xml.XmlSerializer.dll","18048","D060142ED17394F97E4536E06D466A39FCF2BFA85C0280E8997605489854D782"
"dotnet\System.Xml.XPath.dll","16000","D4E78592333A130250E9FEC15D1FEA2A768B9C0FD25A7ADED3EC428AA1692F8F"
"dotnet\System.Xml.XPath.XDocument.dll","18072","B763654D251F0E7B32330DDCAC46DFF190D4EB784BB750BEA7651B7C7132ABE5"
"dotnet\WindowsBase.dll","17032","B3E6DF643DD07A3BDDE2B6419DA7E7EE49C2C01BDCE7C758C9ABC20B8B8A6296"
"README.md","807","64C709BBE91094655A0E90493265070917649A52257907886F3BD050E891C293"
"Source\translations_zh.csv","1557675","52E1F34EE990F7A05F57D07BF453431C2B4610F0D101EC434779D28302AE6AD1"
"winhttp.dll","26112","8C6CDBC38836DEE87E3368F5DE1994D7C0CCEBF29E4CE7ABA3C0981F9375412C"
